{
  "bodyTypeName": "female",
  "url": "https://liberatedpixelcup.github.io/Universal-LPC-Spritesheet-Character-Generator/#?body=Body_color_pale_green&head=Alien_pale_green&sex=female&hair=Bunches_blue&weapon=Whip_whip",
  "spritesheets": "https://liberatedpixelcup.github.io/Universal-LPC-Spritesheet-Character-Generator/spritesheets/",
  "version": 1,
  "datetime": "11/3/2025, 6:39:32 PM",
  "credits": [
    {
      "fileName": "body/bodies/female/pale_green.png",
      "licenses": "OGA-BY 3.0,CC-BY-SA 3.0,GPL 3.0",
      "authors": "Benjamin K. Smith (BenCreating),bluecarrot16,TheraHedwig,Evert,MuffinElZangano,Durrani,Pierre Vigier (pvigier),ElizaWy,Matthew Krohn (makrohn),Johannes Sjölund (wulax),Stephen Challener (Redshrike)",
      "urls": "https://opengameart.org/content/liberated-pixel-cup-lpc-base-assets-sprites-map-tiles,https://opengameart.org/content/lpc-medieval-fantasy-character-sprites,https://opengameart.org/content/lpc-ladies,https://opengameart.org/content/lpc-7-womens-shirts,https://opengameart.org/content/lpc-jump-expanded,https://opengameart.org/content/lpc-be-seated,https://opengameart.org/content/lpc-revised-character-basics,https://gitlab.com/vagabondgame/lpc-characters,https://opengameart.org/content/lpc-male-jumping-animation-by-durrani,https://opengameart.org/content/lpc-runcycle-and-diagonal-walkcycle",
      "notes": "see details at https://opengameart.org/content/lpc-character-bases"
    },
    {
      "fileName": "head/heads/alien/adult/pale_green.png",
      "licenses": "OGA-BY 3.0,CC-BY-SA 3.0,GPL 3.0",
      "authors": "bluecarrot16,Benjamin K. Smith (BenCreating),Nila122",
      "urls": "https://opengameart.org/content/drakes-and-lizardfolk,https://opengameart.org/content/lpc-character-bases",
      "notes": "based on lizard originally by Nila122, modified by BenCreating, further edited by bluecarrot16. Nila122 gave blanket permission to MedicineStorm to use Nila122's LPC assets under OGA-BY 3.0 (where original or derived only from other works under OGA-BY)."
    },
    {
      "fileName": "hair/bunches/adult/fg/blue.png",
      "licenses": "CC-BY-SA 3.0,GPL 3.0",
      "authors": "JaidynReiman,Barbara Riviera,Manuel Riecke (MrBeast)",
      "urls": "https://opengameart.org/content/liberated-pixel-cup-lpc-base-assets-sprites-map-tiles,https://opengameart.org/content/concept-art-for-lpc-entry,https://opengameart.org/content/lpc-expanded-hair",
      "notes": ""
    },
    {
      "fileName": "hair/bunches/adult/bg/blue.png",
      "licenses": "CC-BY-SA 3.0,GPL 3.0",
      "authors": "JaidynReiman,Barbara Riviera,Manuel Riecke (MrBeast)",
      "urls": "https://opengameart.org/content/liberated-pixel-cup-lpc-base-assets-sprites-map-tiles,https://opengameart.org/content/concept-art-for-lpc-entry,https://opengameart.org/content/lpc-expanded-hair",
      "notes": ""
    },
    {
      "fileName": "tools/whip/background/whip.png",
      "licenses": "OGA-BY 3.0+,GPL 3.0,CC-BY 4.0",
      "authors": "bluecarrot16",
      "urls": "https://opengameart.org/content/lpc-more-weapons",
      "notes": ""
    },
    {
      "fileName": "tools/whip/whip.png",
      "licenses": "OGA-BY 3.0+,GPL 3.0,CC-BY 4.0",
      "authors": "bluecarrot16",
      "urls": "https://opengameart.org/content/lpc-more-weapons",
      "notes": ""
    }
  ],
  "layers": [
    {
      "fileName": "hair/bunches/adult/bg/blue.png",
      "zPos": 9,
      "parentName": "hair",
      "name": "Bunches",
      "variant": "blue",
      "supportedAnimations": "spellcast,thrust,walk,slash,shoot,hurt,watering,idle,jump,run,sit,emote,climb,combat,1h_slash,1h_backslash,1h_halfslash"
    },
    {
      "fileName": "tools/whip/background/whip.png",
      "zPos": 9,
      "custom_animation": "tool_whip",
      "parentName": "weapon",
      "name": "Whip",
      "variant": "whip",
      "supportedAnimations": "spellcast,thrust,walk,slash,shoot,hurt,watering"
    },
    {
      "fileName": "body/bodies/female/pale_green.png",
      "zPos": 10,
      "parentName": "body",
      "name": "Body_color",
      "variant": "pale_green",
      "supportedAnimations": "spellcast,thrust,walk,slash,shoot,hurt,watering,idle,jump,run,sit,emote,climb,combat,1h_slash,1h_backslash,1h_halfslash"
    },
    {
      "fileName": "head/heads/alien/adult/pale_green.png",
      "zPos": 100,
      "parentName": "head",
      "name": "Alien",
      "variant": "pale_green",
      "supportedAnimations": "spellcast,thrust,walk,slash,shoot,hurt,watering,idle,jump,run,sit,emote,climb,combat,1h_slash,1h_backslash,1h_halfslash"
    },
    {
      "fileName": "hair/bunches/adult/fg/blue.png",
      "zPos": 120,
      "parentName": "hair",
      "name": "Bunches",
      "variant": "blue",
      "supportedAnimations": "spellcast,thrust,walk,slash,shoot,hurt,watering,idle,jump,run,sit,emote,climb,combat,1h_slash,1h_backslash,1h_halfslash"
    },
    {
      "fileName": "tools/whip/whip.png",
      "zPos": 150,
      "custom_animation": "tool_whip",
      "parentName": "weapon",
      "name": "Whip",
      "variant": "whip",
      "supportedAnimations": "spellcast,thrust,walk,slash,shoot,hurt,watering"
    }
  ]
}